[
   { "sNo": "1","invoiceNumber":"001","type":"Credit","addedDate":"3/01/2020","description":"Test 1","fromPerson":"Josni","toPerson":"Nisho","totalAmount":"1000"},
   { "sNo": "2","invoiceNumber":"002","type":"Debit","addedDate":"5/08/2019","description":"Test 2","fromPerson":"Nisho","toPerson":"Roch","totalAmount":"150000"},
   { "sNo": "3","invoiceNumber":"003","type":"Credit","addedDate":"7/01/2020","description":"Test 3","fromPerson":"Josni","toPerson":"Nisho","totalAmount":"125000"},
   { "sNo": "4","invoiceNumber":"004","type":"Debit","addedDate":"8/12/2019","description":"Test 4","fromPerson":"Alex","toPerson":"Roch","totalAmount":"304100"},
   { "sNo": "5","invoiceNumber":"005","type":"Credit","addedDate":"9/01/2020","description":"Test 5","fromPerson":"Jeff","toPerson":"Alex","totalAmount":"10058"},
   { "sNo": "6","invoiceNumber":"006","type":"Debit","addedDate":"10/11/2019","description":"Test 6","fromPerson":"Nisho","toPerson":"Jeff","totalAmount":"634548"},
   { "sNo": "7","invoiceNumber":"007","type":"Credit","addedDate":"11/01/2020","description":"Test 7","fromPerson":"Roch","toPerson":"Nisho","totalAmount":"2454"},
   { "sNo": "8","invoiceNumber":"008","type":"Debit","addedDate":"14/10/2019","description":"Test 8","fromPerson":"Denish","toPerson":"Kryson","totalAmount":"2348"},
   { "sNo": "9","invoiceNumber":"009","type":"Credit","addedDate":"3/01/2020","description":"Test 9","fromPerson":"Martha","toPerson":"Roch","totalAmount":"1500"},
   { "sNo": "10","invoiceNumber":"010","type":"Debit","addedDate":"5/08/2019","description":"Test 10","fromPerson":"Josni","toPerson":"Alex","totalAmount":"94500"},
   { "sNo": "11","invoiceNumber":"011","type":"Credit","addedDate":"7/01/2020","description":"Test 11","fromPerson":"Kryson","toPerson":"Jeff","totalAmount":"148200"},
   { "sNo": "12","invoiceNumber":"012","type":"Debit","addedDate":"8/12/2019","description":"Test 12","fromPerson":"Ronaldo","toPerson":"Nisho","totalAmount":"10000"},
   { "sNo": "13","invoiceNumber":"013","type":"Credit","addedDate":"9/01/2020","description":"Test 13","fromPerson":"Josni","toPerson":"Jeff","totalAmount":"12485"},
   { "sNo": "14","invoiceNumber":"014","type":"Debit","addedDate":"10/11/2019","description":"Test 14","fromPerson":"Nisho","toPerson":"Roch","totalAmount":"12485"},
   { "sNo": "15","invoiceNumber":"015","type":"Credit","addedDate":"11/01/2020","description":"Test 15","fromPerson":"Josni","toPerson":"Alex","totalAmount":"1000"},
   { "sNo": "16","invoiceNumber":"016","type":"Debit","addedDate":"14/10/2019","description":"Test 16","fromPerson":"Roch","toPerson":"Nisho","totalAmount":"48481"}
   

]

