[
   { "sNo": "1","invoiceNumber":"001","type":"Voucher","poDate":"3/01/2020","subTotal":"10000","deliveryCost":"100","totalAmount":"10100"},
   { "sNo": "2","invoiceNumber":"002","type":"Nisho","poDate":"5/08/2019","subTotal":"10000","deliveryCost":"10","totalAmount":"10010"},
   { "sNo": "3","invoiceNumber":"003","type":"Voucher","poDate":"7/01/2020","subTotal":"250000","deliveryCost":"250","totalAmount":"250250"},
   { "sNo": "4","invoiceNumber":"004","type":"Jeff","poDate":"8/12/2019","subTotal":"300000","deliveryCost":"300","totalAmount":"300300"},
   { "sNo": "5","invoiceNumber":"005","type":"Nisho","poDate":"9/01/2020","subTotal":"37000","deliveryCost":"3700","totalAmount":"37700"},
   { "sNo": "6","invoiceNumber":"006","type":"Voucher","poDate":"10/11/2019","subTotal":"450000","deliveryCost":"450","totalAmount":"450450"},
   { "sNo": "7","invoiceNumber":"007","type":"Josni","poDate":"11/01/2020","subTotal":"36000","deliveryCost":"360","totalAmount":"36360"},
   { "sNo": "8","invoiceNumber":"008","type":"Jeff","poDate":"14/10/2019","subTotal":"78000","deliveryCost":"780","totalAmount":"78780"},
   { "sNo": "9","invoiceNumber":"009","type":"Voucher","poDate":"3/01/2020","subTotal":"10000","deliveryCost":"100","totalAmount":"10100"},
   { "sNo": "10","invoiceNumber":"010","type":"Nisho","poDate":"5/08/2019","subTotal":"10000","deliveryCost":"1000","totalAmount":"11000"},
   { "sNo": "11","invoiceNumber":"011","type":"Alex","poDate":"7/01/2020","subTotal":"250000","deliveryCost":"500","totalAmount":"350500"},
   { "sNo": "12","invoiceNumber":"012","type":"Voucher","poDate":"8/12/2019","subTotal":"300000","deliveryCost":"800","totalAmount":"300800"},
   { "sNo": "13","invoiceNumber":"013","type":"Nisho","poDate":"9/01/2020","subTotal":"37000","deliveryCost":"850","totalAmount":"37850"},
   { "sNo": "14","invoiceNumber":"014","type":"Voucher","poDate":"10/11/2019","subTotal":"450000","deliveryCost":"450","totalAmount":"450450"},
   { "sNo": "15","invoiceNumber":"015","type":"Josni","poDate":"11/01/2020","subTotal":"36000","deliveryCost":"260","totalAmount":"36260"},
   { "sNo": "16","invoiceNumber":"016","type":"Voucher","poDate":"14/10/2019","subTotal":"78000","deliveryCost":"580","totalAmount":"78580"}
   

]

