[
   { "sNo": "1", "addedDate": "01-01-2020","invoiceNumber":"Inv001","productName":"Apple","vendorName":"Josni","category": "Fabric","quantity":"30/300kg left","unitPrice":"30000","deliveryCost":"100","netAmount":"900000","status":"Approved","description":"Test 1"},
   { "sNo": "2", "addedDate": "02-02-2020","invoiceNumber":"Inv002","productName":"Orange","vendorName":"Alex","category": "Cotton","quantity":"20/300kg left","unitPrice":"3000","deliveryCost":"10","netAmount":"6000","status":"Waiting","description":"Test 2"},
   { "sNo": "3", "addedDate": "03-01-2020","invoiceNumber":"Inv003","productName":"Grape","vendorName":"Nisho","category": "Silk","quantity":"10/300kg left","unitPrice":"30000","deliveryCost":"200","netAmount":"90000","status":"Reject","description":"Test 3"},
   { "sNo": "4", "addedDate": "02-02-2020","invoiceNumber":"Inv004","productName":"PineApple","vendorName":"Jeff","category": "Carbon","quantity":"40/300kg left","unitPrice":"10000","deliveryCost":"500","netAmount":"40000","status":"Approved","description":"Test 4"},
   { "sNo": "5", "addedDate": "03-01-2020","invoiceNumber":"Inv005","productName":"Guava","vendorName":"Mary","category": "Fabric","quantity":"50/300kg left","unitPrice":"2000","deliveryCost":"1000","netAmount":"100000","status":"Reject","description":"Test 5"},
   { "sNo": "6", "addedDate": "01-01-2020","invoiceNumber":"Inv006","productName":"Lime","vendorName":"Raj","category": "Cotton","quantity":"80/300kg left","unitPrice":"1500","deliveryCost":"200","netAmount":"124000","status":"Waiting","description":"Test 6"},
   { "sNo": "7", "addedDate": "02-02-2020","invoiceNumber":"Inv007","productName":"Pomegranate","vendorName":"Roch","category": "Fabric","quantity":"60/300kg left","unitPrice":"40000","deliveryCost":"300","netAmount":"2400000","status":"Approved","description":"Test 7"},
   { "sNo": "8", "addedDate": "01-01-2020","invoiceNumber":"Inv008","productName":"Orange","vendorName":"Sathya","category": "Silk","quantity":"100/300kg left","unitPrice":"500","deliveryCost":"400","netAmount":"50000","status":"Reject","description":"Test 8"},
   
   { "sNo": "9", "addedDate": "01-01-2020","invoiceNumber":"Inv009","productName":"Apple","vendorName":"Josni","category": "Carbon","quantity":"30/300kg left","unitPrice":"30000","deliveryCost":"100","netAmount":"900000","status":"Approved","description":"Test 9"},
   { "sNo": "10", "addedDate": "02-02-2020","invoiceNumber":"Inv010","productName":"Orange","vendorName":"Alex","category": "Fabric","quantity":"20/300kg left","unitPrice":"3000","deliveryCost":"10","netAmount":"6000","status":"Waiting","description":"Test 10"},
   { "sNo": "11", "addedDate": "03-01-2020","invoiceNumber":"Inv011","productName":"Grape","vendorName":"Nisho","category": "Cotton","quantity":"10/300kg left","unitPrice":"30000","deliveryCost":"200","netAmount":"90000","status":"Reject","description":"Test 11"},
   { "sNo": "12", "addedDate": "02-02-2020","invoiceNumber":"Inv012","productName":"PineApple","vendorName":"Jeff","category": "Silk","quantity":"40/300kg left","unitPrice":"10000","deliveryCost":"500","netAmount":"40000","status":"Approved","description":"Test 12"},
   { "sNo": "13", "addedDate": "03-01-2020","invoiceNumber":"Inv013","productName":"Guava","vendorName":"Mary","category": "Fabric","quantity":"50/300kg left","unitPrice":"2000","deliveryCost":"1000","netAmount":"100000","status":"Reject","description":"Test 13"},
   { "sNo": "14", "addedDate": "01-01-2020","invoiceNumber":"Inv014","productName":"Lime","vendorName":"Raj","category": "Silk","quantity":"80/300kg left","unitPrice":"1500","deliveryCost":"200","netAmount":"124000","status":"Waiting","description":"Test 14"},
   { "sNo": "15","addedDate": "02-02-2020","invoiceNumber":"Inv015","productName":"Pomegranate","vendorName":"Roch","category": "Cotton","quantity":"60/300kg left","unitPrice":"40000","deliveryCost":"300","netAmount":"2400000","status":"Approved","description":"Test 15"},
   { "sNo": "16","addedDate": "01-01-2020","invoiceNumber":"Inv016","productName":"Orange","vendorName":"Sathya","category": "Fabric","quantity":"100/300kg left","unitPrice":"500","deliveryCost":"400","netAmount":"50000","status":"Reject","description":"Test 16"}
]

