[
   { "sNo": "1","invoiceNumber":"001","vendorName":"Josni","poDate":"3/01/2020","subTotal":"10000"},
   { "sNo": "2","invoiceNumber":"002","vendorName":"Nisho","poDate":"5/08/2019","subTotal":"10000"},
   { "sNo": "3","invoiceNumber":"003","vendorName":"Alex","poDate":"7/01/2020","subTotal":"250000"},
   { "sNo": "4","invoiceNumber":"004","vendorName":"Jeff","poDate":"8/12/2019","subTotal":"300000"},
   { "sNo": "5","invoiceNumber":"005","vendorName":"Nisho","poDate":"9/01/2020","subTotal":"37000"},
   { "sNo": "6","invoiceNumber":"006","vendorName":"Alex","poDate":"10/11/2019","subTotal":"450000"},
   { "sNo": "7","invoiceNumber":"007","vendorName":"Josni","poDate":"11/01/2020","subTotal":"36000"},
   { "sNo": "8","invoiceNumber":"008","vendorName":"Jeff","poDate":"14/10/2019","subTotal":"78000"},
   { "sNo": "9","invoiceNumber":"009","vendorName":"Josni","poDate":"3/01/2020","subTotal":"10000"},
   { "sNo": "10","invoiceNumber":"010","vendorName":"Nisho","poDate":"5/08/2019","subTotal":"10000"},
   { "sNo": "11","invoiceNumber":"011","vendorName":"Alex","poDate":"7/01/2020","subTotal":"250000"},
   { "sNo": "12","invoiceNumber":"012","vendorName":"Jeff","poDate":"8/12/2019","subTotal":"300000"},
   { "sNo": "13","invoiceNumber":"013","vendorName":"Nisho","poDate":"9/01/2020","subTotal":"37000"},
   { "sNo": "14","invoiceNumber":"014","vendorName":"Alex","poDate":"10/11/2019","subTotal":"450000"},
   { "sNo": "15","invoiceNumber":"015","vendorName":"Josni","poDate":"11/01/2020","subTotal":"36000"},
   { "sNo": "16","invoiceNumber":"016","vendorName":"Jeff","poDate":"14/10/2019","subTotal":"78000"}
   

]

