[
   { "invoicenumber": "0031323","client":"Josni","date":"3/01/2020","status":"Completed" },
   { "invoicenumber": "0031655","client":"Nisho","date":"5/08/2019","status":"Delayed" },
   { "invoicenumber": "1313311","client":"Alex","date":"7/01/2020","status":"Cancel" },
   { "invoicenumber": "0062626","client":"Jeff","date":"8/12/2019","status":"Completed" },
   { "invoicenumber": "0035334","client":"Nisho","date":"9/01/2020","status":"Completed" },
   { "invoicenumber": "1313311","client":"Alex","date":"10/11/2019","status":"Cancel" },
   { "invoicenumber": "0035334","client":"Josni","date":"11/01/2020","status":"Delayed" },
   { "invoicenumber": "0035334","client":"Jeff","date":"14/10/2019","status":"Delayed" }
   

]

