[
   { "sNo": "1","id":"001", "addedDate": "01-01-2020","origin":"Warehouse ","productName":"Apple","category": "Fabric","quantity":"30 meter","status":"Clearence","vendorName":"Josni"},
   { "sNo": "2","id":"002", "addedDate": "02-02-2020","origin":"Sales Return ","productName":"Orange","category": "Cotton","quantity":"20","status":"checkingProgress","vendorName":"Nisho"},
   { "sNo": "3","id":"003", "addedDate": "03-01-2020","origin":"Warehouse ","productName":"Grape","category": "Silk","quantity":"10 ","status":"Returned to Vendor","vendorName":"Alex"},
   { "sNo": "4","id":"004", "addedDate": "02-02-2020","origin":"Warehouse ","productName":"PineApple","category": "Carbon","quantity":"40","status":"Clearence","vendorName":"Jeff"},
   { "sNo": "5","id":"005", "addedDate": "03-01-2020","origin":"Sales Return ","productName":"Guava","category": "Fabric","quantity":"50","status":"finished","vendorName":"John"},
   { "sNo": "6","id":"006", "addedDate": "01-01-2020","origin":"Warehouse ","productName":"Lime","category": "Cotton","quantity":"80","status":"pending","vendorName":"Mary"},
   { "sNo": "7","id":"007", "addedDate": "02-02-2020","origin":"Sales Return ","productName":"Pomegranate","category": "Fabric","quantity":"60","status":"Returned to Vendor","vendorName":"Nick"},
   { "sNo": "8","id":"008", "addedDate": "01-01-2020","origin":"Category ","productName":"Orange","category": "Silk","quantity":"100","status":"Clearence","vendorName":"Jose"},
   
   { "sNo": "9","id":"009", "addedDate": "01-01-2020","origin":"Warehouse ","productName":"Apple","category": "Carbon","quantity":"30","status":"checkingProgress","vendorName":"Kryson"},
   { "sNo": "10","id":"010", "addedDate": "02-02-2020","origin":"Sales Return ","productName":"Orange","category": "Fabric","quantity":"2","status":"finished","vendorName":"Denish"},
   { "sNo": "11","id":"011", "addedDate": "03-01-2020","origin":"Warehouse ","productName":"Grape","category": "Cotton","quantity":"10","status":"Returned to Vendor","vendorName":"Juli"},
   { "sNo": "12","id":"012", "addedDate": "02-02-2020","origin":"Sales Return ","productName":"PineApple","category": "Silk","quantity":"40","status":"Clearence","vendorName":"Suji"},
   { "sNo": "13","id":"013", "addedDate": "03-01-2020","origin":"Warehouse ","productName":"Guava","category": "Fabric","quantity":"50","status":"pending","vendorName":"Josni"},
   { "sNo": "14","id":"014", "addedDate": "01-01-2020","origin":"Category ","productName":"Lime","category": "Silk","quantity":"80","status":"finished","vendorName":"Roch"},
   { "sNo": "15","id":"015","addedDate": "02-02-2020","origin":"Sales Return ","productName":"Pomegranate","category": "Cotton","quantity":"60","status":"Clearence","vendorName":"Nisho"},
   { "sNo": "16","id":"016","addedDate": "01-01-2020","origin":"Warehouse    ","productName":"Orange","category": "Fabric","quantity":"100","status":"Returned to Vendor","vendorName":"Nanthini"}
]

