[
   { "sNo": "1","invoiceNumber":"001", "poDate": "01-01-2020","returnCategory":"Purchase INVPO1","productName":"Apple","category": "Fabric","quantity":"30 meter","status":"confirmed","vendorName":"Josni"},
   { "sNo": "2","invoiceNumber":"002", "poDate": "02-02-2020","returnCategory":"Sales INVSA1","productName":"Orange","category": "Cotton","quantity":"20","status":"checkingProgress","vendorName":"Nisho"},
   { "sNo": "3","invoiceNumber":"003", "poDate": "03-01-2020","returnCategory":"Category CAT1","productName":"Grape","category": "Silk","quantity":"10 ","status":"pending","vendorName":"Alex"},
   { "sNo": "4","invoiceNumber":"004", "poDate": "02-02-2020","returnCategory":"Product PROD1","productName":"PineApple","category": "Carbon","quantity":"40","status":"confirmed","vendorName":"Jeff"},
   { "sNo": "5","invoiceNumber":"005", "poDate": "03-01-2020","returnCategory":"Sales INVSA2","productName":"Guava","category": "Fabric","quantity":"50","status":"finished","vendorName":"John"},
   { "sNo": "6","invoiceNumber":"006", "poDate": "01-01-2020","returnCategory":"Product PROD2","productName":"Lime","category": "Cotton","quantity":"80","status":"pending","vendorName":"Mary"},
   { "sNo": "7","invoiceNumber":"007", "poDate": "02-02-2020","returnCategory":"Purchase INVPO2","productName":"Pomegranate","category": "Fabric","quantity":"60","status":"confirmed","vendorName":"Nick"},
   { "sNo": "8","invoiceNumber":"008", "poDate": "01-01-2020","returnCategory":"Category ","productName":"Orange","category": "Silk","quantity":"100","status":"shippingProgress","vendorName":"Jose"},
   
   { "sNo": "9","invoiceNumber":"009", "poDate": "01-01-2020","returnCategory":"Purchase INVPO3","productName":"Apple","category": "Carbon","quantity":"30","status":"checkingProgress","vendorName":"Kryson"},
   { "sNo": "10","invoiceNumber":"010", "poDate": "02-02-2020","returnCategory":"Product PROD3","productName":"Orange","category": "Fabric","quantity":"2","status":"finished","vendorName":"Denish"},
   { "sNo": "11","invoiceNumber":"011", "poDate": "03-01-2020","returnCategory":"Category CAT2","productName":"Grape","category": "Cotton","quantity":"10","status":"confirmed","vendorName":"Juli"},
   { "sNo": "12","invoiceNumber":"012", "poDate": "02-02-2020","returnCategory":"Sales INVSA3","productName":"PineApple","category": "Silk","quantity":"40","status":"shippingProgress","vendorName":"Suji"},
   { "sNo": "13","invoiceNumber":"013", "poDate": "03-01-2020","returnCategory":"Product PROD4","productName":"Guava","category": "Fabric","quantity":"50","status":"pending","vendorName":"Josni"},
   { "sNo": "14","invoiceNumber":"014", "poDate": "01-01-2020","returnCategory":"Category CAT3","productName":"Lime","category": "Silk","quantity":"80","status":"finished","vendorName":"Roch"},
   { "sNo": "15","invoiceNumber":"015","poDate": "02-02-2020","returnCategory":"Sales INVSA4","productName":"Pomegranate","category": "Cotton","quantity":"60","status":"checkingProgress","vendorName":"Nisho"},
   { "sNo": "16","invoiceNumber":"016","poDate": "01-01-2020","returnCategory":"Purchase INVPO4","productName":"Orange","category": "Fabric","quantity":"100","status":"confirmed","vendorName":"Nanthini"}
]

