
{
  "header": {
    "reportVersion": 1,
    "event": "Allocation failed - JavaScript heap out of memory",
    "trigger": "FatalError",
    "filename": "report.20200103.154032.6008.0.001.json",
    "dumpEventTime": "2020-01-03T15:40:33Z",
    "dumpEventTimeStamp": "1578094833607",
    "processId": 6008,
    "cwd": "E:\\WS\\ERP-Frontend2",
    "commandLine": [
      "node",
      "C:\\Users\\user\\AppData\\Roaming\\npm\\\\node_modules\\@angular\\cli\\bin\\ng",
      "serve"
    ],
    "nodejsVersion": "v12.14.0",
    "wordSize": 64,
    "arch": "x64",
    "platform": "win32",
    "componentVersions": {
      "node": "12.14.0",
      "v8": "7.7.299.13-node.16",
      "uv": "1.33.1",
      "zlib": "1.2.11",
      "brotli": "1.0.7",
      "ares": "1.15.0",
      "modules": "72",
      "nghttp2": "1.39.2",
      "napi": "5",
      "llhttp": "1.1.4",
      "http_parser": "2.8.0",
      "openssl": "1.1.1d",
      "cldr": "35.1",
      "icu": "64.2",
      "tz": "2019c",
      "unicode": "12.1"
    },
    "release": {
      "name": "node",
      "lts": "Erbium",
      "headersUrl": "https://nodejs.org/download/release/v12.14.0/node-v12.14.0-headers.tar.gz",
      "sourceUrl": "https://nodejs.org/download/release/v12.14.0/node-v12.14.0.tar.gz",
      "libUrl": "https://nodejs.org/download/release/v12.14.0/win-x64/node.lib"
    },
    "osName": "Windows_NT",
    "osRelease": "10.0.10240",
    "osVersion": "Windows 10 Pro",
    "osMachine": "x86_64",
    "cpus": [
      {
        "model": "Intel(R) Core(TM) i3-3220 CPU @ 3.30GHz",
        "speed": 3293,
        "user": 1976140,
        "nice": 0,
        "sys": 1083265,
        "idle": 19477968,
        "irq": 127875
      },
      {
        "model": "Intel(R) Core(TM) i3-3220 CPU @ 3.30GHz",
        "speed": 3293,
        "user": 2115546,
        "nice": 0,
        "sys": 711078,
        "idle": 19710609,
        "irq": 5921
      },
      {
        "model": "Intel(R) Core(TM) i3-3220 CPU @ 3.30GHz",
        "speed": 3293,
        "user": 2117968,
        "nice": 0,
        "sys": 805921,
        "idle": 19613343,
        "irq": 6265
      },
      {
        "model": "Intel(R) Core(TM) i3-3220 CPU @ 3.30GHz",
        "speed": 3293,
        "user": 2538281,
        "nice": 0,
        "sys": 731218,
        "idle": 19267734,
        "irq": 4437
      }
    ],
    "networkInterfaces": [
      {
        "name": "Wi-Fi",
        "internal": false,
        "mac": "00:17:7c:2e:27:f7",
        "address": "fd58:bad4:6d08:2c00:183f:d058:e304:dddd",
        "netmask": "ffff:ffff:ffff:ffff::",
        "family": "IPv6",
        "scopeid": 0
      },
      {
        "name": "Wi-Fi",
        "internal": false,
        "mac": "00:17:7c:2e:27:f7",
        "address": "fd58:bad4:6d08:2c00:7054:84c:88ec:409",
        "netmask": "ffff:ffff:ffff:ffff:ffff:ffff:ffff:ffff",
        "family": "IPv6",
        "scopeid": 0
      },
      {
        "name": "Wi-Fi",
        "internal": false,
        "mac": "00:17:7c:2e:27:f7",
        "address": "fe80::183f:d058:e304:dddd",
        "netmask": "ffff:ffff:ffff:ffff::",
        "family": "IPv6",
        "scopeid": 6
      },
      {
        "name": "Wi-Fi",
        "internal": false,
        "mac": "00:17:7c:2e:27:f7",
        "address": "192.168.1.2",
        "netmask": "255.255.255.0",
        "family": "IPv4"
      },
      {
        "name": "Loopback Pseudo-Interface 1",
        "internal": true,
        "mac": "00:00:00:00:00:00",
        "address": "::1",
        "netmask": "ffff:ffff:ffff:ffff:ffff:ffff:ffff:ffff",
        "family": "IPv6",
        "scopeid": 0
      },
      {
        "name": "Loopback Pseudo-Interface 1",
        "internal": true,
        "mac": "00:00:00:00:00:00",
        "address": "127.0.0.1",
        "netmask": "255.0.0.0",
        "family": "IPv4"
      },
      {
        "name": "Teredo Tunneling Pseudo-Interface",
        "internal": false,
        "mac": "00:00:00:00:00:00",
        "address": "2001:0:348b:fb58:3058:7fb:855b:e629",
        "netmask": "ffff:ffff:ffff:ffff::",
        "family": "IPv6",
        "scopeid": 0
      },
      {
        "name": "Teredo Tunneling Pseudo-Interface",
        "internal": false,
        "mac": "00:00:00:00:00:00",
        "address": "fe80::3058:7fb:855b:e629",
        "netmask": "ffff:ffff:ffff:ffff::",
        "family": "IPv6",
        "scopeid": 5
      }
    ],
    "host": "DESKTOP-PUJDF9L"
  },
  "javascriptStack": {
    "message": "No stack.",
    "stack": [
      "Unavailable."
    ]
  },
  "nativeStack": [
    {
      "pc": "0x00007ff66df81729",
      "symbol": "std::basic_ostream<char,std::char_traits<char> >::operator<<+10873"
    },
    {
      "pc": "0x00007ff66df85b4c",
      "symbol": "std::basic_ostream<char,std::char_traits<char> >::operator<<+28316"
    },
    {
      "pc": "0x00007ff66df84b08",
      "symbol": "std::basic_ostream<char,std::char_traits<char> >::operator<<+24152"
    },
    {
      "pc": "0x00007ff66e07369b",
      "symbol": "v8::base::CPU::has_sse+37723"
    },
    {
      "pc": "0x00007ff66e8782de",
      "symbol": "v8::Isolate::ReportExternalAllocationLimitReached+94"
    },
    {
      "pc": "0x00007ff66e860321",
      "symbol": "v8::SharedArrayBuffer::Externalize+833"
    },
    {
      "pc": "0x00007ff66e72dbec",
      "symbol": "v8::internal::Heap::EphemeronKeyWriteBarrierFromCode+1436"
    },
    {
      "pc": "0x00007ff66e709be3",
      "symbol": "v8::internal::MarkCompactCollector::EnsureSweepingCompleted+1747"
    },
    {
      "pc": "0x00007ff66e707edb",
      "symbol": "v8::internal::ConcurrentBitmap<1>::IsClean+65995"
    },
    {
      "pc": "0x00007ff66e73355d",
      "symbol": "v8::internal::Heap::LeftTrimFixedArray+1117"
    },
    {
      "pc": "0x00007ff66e735264",
      "symbol": "v8::internal::Heap::PageFlagsAreConsistent+1060"
    },
    {
      "pc": "0x00007ff66e72b353",
      "symbol": "v8::internal::Heap::CollectGarbage+1283"
    },
    {
      "pc": "0x00007ff66e729b24",
      "symbol": "v8::internal::Heap::AddRetainedMap+2356"
    },
    {
      "pc": "0x00007ff66e74adf5",
      "symbol": "v8::internal::Factory::NewFillerObject+53"
    },
    {
      "pc": "0x00007ff66e4b6ca7",
      "symbol": "v8::internal::interpreter::JumpTableTargetOffsets::iterator::operator=+3687"
    },
    {
      "pc": "0x00007ff66eca404d",
      "symbol": "v8::internal::SetupIsolateDelegate::SetupHeap+567949"
    },
    {
      "pc": "0x000002806e45e700",
      "symbol": ""
    }
  ],
  "javascriptHeap": {
    "totalMemory": 394592256,
    "totalCommittedMemory": 394592256,
    "usedMemory": 343047016,
    "availableMemory": 1787241832,
    "memoryLimit": 2145386496,
    "heapSpaces": {
      "read_only_space": {
        "memorySize": 262144,
        "committedMemory": 262144,
        "capacity": 261872,
        "used": 32296,
        "available": 229576
      },
      "new_space": {
        "memorySize": 33554432,
        "committedMemory": 33554432,
        "capacity": 16759808,
        "used": 475216,
        "available": 16284592
      },
      "old_space": {
        "memorySize": 293711872,
        "committedMemory": 293711872,
        "capacity": 282031912,
        "used": 281741880,
        "available": 290032
      },
      "code_space": {
        "memorySize": 4096000,
        "committedMemory": 4096000,
        "capacity": 2948928,
        "used": 2948928,
        "available": 0
      },
      "map_space": {
        "memorySize": 8654848,
        "committedMemory": 8654848,
        "capacity": 3815600,
        "used": 3815600,
        "available": 0
      },
      "large_object_space": {
        "memorySize": 53690368,
        "committedMemory": 53690368,
        "capacity": 53482696,
        "used": 53482696,
        "available": 0
      },
      "code_large_object_space": {
        "memorySize": 622592,
        "committedMemory": 622592,
        "capacity": 550400,
        "used": 550400,
        "available": 0
      },
      "new_large_object_space": {
        "memorySize": 0,
        "committedMemory": 0,
        "capacity": 16759808,
        "used": 0,
        "available": 16759808
      }
    }
  },
  "resourceUsage": {
    "userCpuSeconds": 60.828,
    "kernelCpuSeconds": 6.343,
    "cpuConsumptionPercent": 36.1134,
    "maxRss": 477720576,
    "pageFaults": {
      "IORequired": 400413,
      "IONotRequired": 0
    },
    "fsActivity": {
      "reads": 7291,
      "writes": 5
    }
  },
  "libuv": [
  ],
  "environmentVariables": {
    "=C:": "C:\\",
    "=E:": "E:\\WS\\ERP-Frontend2",
    "ALLUSERSPROFILE": "C:\\ProgramData",
    "APPDATA": "C:\\Users\\user\\AppData\\Roaming",
    "CommonProgramFiles": "C:\\Program Files\\Common Files",
    "CommonProgramFiles(x86)": "C:\\Program Files (x86)\\Common Files",
    "CommonProgramW6432": "C:\\Program Files\\Common Files",
    "COMPUTERNAME": "DESKTOP-PUJDF9L",
    "ComSpec": "C:\\Windows\\system32\\cmd.exe",
    "GOOGLE_DEFAULT_CLIENT_ID": "no",
    "GOOGLE_DEFAULT_CLIENT_SECRET": "no",
    "HOMEDRIVE": "C:",
    "HOMEPATH": "\\Users\\user",
    "LOCALAPPDATA": "C:\\Users\\user\\AppData\\Local",
    "LOGONSERVER": "\\\\DESKTOP-PUJDF9L",
    "NUMBER_OF_PROCESSORS": "4",
    "OneDrive": "C:\\Users\\user\\OneDrive",
    "OS": "Windows_NT",
    "Path": "C:\\Users\\user\\AppData\\Roaming\\npm;C:\\Windows\\system32;C:\\Windows;C:\\Windows\\System32\\Wbem;C:\\Windows\\System32\\WindowsPowerShell\\v1.0\\; %AppData%\\npm;C:\\Program Files\\nodejs\\ ;C:\\Program Files\\Git\\cmd;C:\\Program Files\\nodejs;C:\\Program Files\\nodejs\\;C:\\Users\\user\\AppData\\Local\\GitHubDesktop\\bin;C:\\Program Files\\nodejs;C:\\Users\\user\\AppData\\Local\\Programs\\Microsoft VS Code\\bin;C:\\Users\\user\\AppData\\Roaming\\npm;C:\\Program Files\\nodejs\\;",
    "PATHEXT": ".COM;.EXE;.BAT;.CMD;.VBS;.VBE;.JSE;.WSF;.WSH;.MSC;.CPL",
    "PROCESSOR_ARCHITECTURE": "AMD64",
    "PROCESSOR_IDENTIFIER": "Intel64 Family 6 Model 58 Stepping 9, GenuineIntel",
    "PROCESSOR_LEVEL": "6",
    "PROCESSOR_REVISION": "3a09",
    "ProgramData": "C:\\ProgramData",
    "ProgramFiles": "C:\\Program Files",
    "ProgramFiles(x86)": "C:\\Program Files (x86)",
    "ProgramW6432": "C:\\Program Files",
    "PROMPT": "$P$G",
    "PSModulePath": "C:\\Users\\user\\Documents\\WindowsPowerShell\\Modules;C:\\Program Files\\WindowsPowerShell\\Modules;C:\\Windows\\system32\\WindowsPowerShell\\v1.0\\Modules\\",
    "PUBLIC": "C:\\Users\\Public",
    "SESSIONNAME": "Console",
    "SystemDrive": "C:",
    "SystemRoot": "C:\\Windows",
    "TEMP": "C:\\Users\\user\\AppData\\Local\\Temp",
    "TMP": "C:\\Users\\user\\AppData\\Local\\Temp",
    "USERDOMAIN": "DESKTOP-PUJDF9L",
    "USERDOMAIN_ROAMINGPROFILE": "DESKTOP-PUJDF9L",
    "USERNAME": "user",
    "USERPROFILE": "C:\\Users\\user",
    "WEBPACK_DEV_SERVER": "true",
    "windir": "C:\\Windows",
    "TERM_PROGRAM": "vscode",
    "TERM_PROGRAM_VERSION": "1.41.1",
    "LANG": "en_US.UTF-8",
    "COLORTERM": "truecolor"
  },
  "sharedObjects": [
    "C:\\Program Files\\nodejs\\node.exe",
    "C:\\Windows\\SYSTEM32\\ntdll.dll",
    "C:\\Windows\\system32\\KERNEL32.DLL",
    "C:\\Windows\\system32\\KERNELBASE.dll",
    "C:\\Windows\\system32\\WS2_32.dll",
    "C:\\Windows\\system32\\sechost.dll",
    "C:\\Windows\\SYSTEM32\\dbghelp.dll",
    "C:\\Windows\\system32\\RPCRT4.dll",
    "C:\\Windows\\system32\\msvcrt.dll",
    "C:\\Windows\\system32\\NSI.dll",
    "C:\\Windows\\system32\\ADVAPI32.dll",
    "C:\\Windows\\system32\\USER32.dll",
    "C:\\Windows\\system32\\GDI32.dll",
    "C:\\Windows\\system32\\PSAPI.DLL",
    "C:\\Windows\\system32\\CRYPT32.dll",
    "C:\\Windows\\SYSTEM32\\IPHLPAPI.DLL",
    "C:\\Windows\\SYSTEM32\\USERENV.dll",
    "C:\\Windows\\system32\\MSASN1.dll",
    "C:\\Windows\\SYSTEM32\\WINNSI.DLL",
    "C:\\Windows\\system32\\profapi.dll",
    "C:\\Windows\\SYSTEM32\\bcrypt.dll",
    "C:\\Windows\\SYSTEM32\\WINMM.dll",
    "C:\\Windows\\SYSTEM32\\WINMMBASE.dll",
    "C:\\Windows\\system32\\cfgmgr32.dll",
    "C:\\Windows\\SYSTEM32\\DEVOBJ.dll",
    "C:\\Windows\\system32\\IMM32.DLL",
    "C:\\Windows\\system32\\MSCTF.dll",
    "C:\\Windows\\system32\\powrprof.dll",
    "C:\\Windows\\SYSTEM32\\CRYPTBASE.DLL",
    "C:\\Windows\\SYSTEM32\\bcryptPrimitives.dll",
    "C:\\Windows\\system32\\uxtheme.dll",
    "C:\\Windows\\system32\\combase.dll",
    "C:\\Windows\\system32\\mswsock.dll",
    "C:\\Windows\\system32\\kernel.appcore.dll",
    "C:\\Windows\\SYSTEM32\\dhcpcsvc6.DLL",
    "C:\\Windows\\SYSTEM32\\dhcpcsvc.DLL",
    "C:\\Windows\\SYSTEM32\\DNSAPI.dll",
    "C:\\Windows\\System32\\rasadhlp.dll",
    "C:\\Windows\\System32\\fwpuclnt.dll",
    "C:\\Windows\\system32\\napinsp.dll",
    "C:\\Windows\\system32\\pnrpnsp.dll",
    "C:\\Windows\\system32\\NLAapi.dll",
    "C:\\Windows\\System32\\winrnr.dll"
  ]
}