
{
  "header": {
    "reportVersion": 1,
    "event": "Allocation failed - JavaScript heap out of memory",
    "trigger": "FatalError",
    "filename": "report.20191224.130855.5328.0.001.json",
    "dumpEventTime": "2019-12-24T13:08:55Z",
    "dumpEventTimeStamp": "1577221735737",
    "processId": 5328,
    "cwd": "E:\\WS\\ERP-Frontend2",
    "commandLine": [
      "node",
      "C:\\Users\\user\\AppData\\Roaming\\npm\\\\node_modules\\@angular\\cli\\bin\\ng",
      "serve"
    ],
    "nodejsVersion": "v12.14.0",
    "wordSize": 64,
    "arch": "x64",
    "platform": "win32",
    "componentVersions": {
      "node": "12.14.0",
      "v8": "7.7.299.13-node.16",
      "uv": "1.33.1",
      "zlib": "1.2.11",
      "brotli": "1.0.7",
      "ares": "1.15.0",
      "modules": "72",
      "nghttp2": "1.39.2",
      "napi": "5",
      "llhttp": "1.1.4",
      "http_parser": "2.8.0",
      "openssl": "1.1.1d",
      "cldr": "35.1",
      "icu": "64.2",
      "tz": "2019c",
      "unicode": "12.1"
    },
    "release": {
      "name": "node",
      "lts": "Erbium",
      "headersUrl": "https://nodejs.org/download/release/v12.14.0/node-v12.14.0-headers.tar.gz",
      "sourceUrl": "https://nodejs.org/download/release/v12.14.0/node-v12.14.0.tar.gz",
      "libUrl": "https://nodejs.org/download/release/v12.14.0/win-x64/node.lib"
    },
    "osName": "Windows_NT",
    "osRelease": "10.0.10240",
    "osVersion": "Windows 10 Pro",
    "osMachine": "x86_64",
    "cpus": [
      {
        "model": "Intel(R) Core(TM) i3-3220 CPU @ 3.30GHz",
        "speed": 3293,
        "user": 4722156,
        "nice": 0,
        "sys": 673234,
        "idle": 18123453,
        "irq": 45531
      },
      {
        "model": "Intel(R) Core(TM) i3-3220 CPU @ 3.30GHz",
        "speed": 3293,
        "user": 5002906,
        "nice": 0,
        "sys": 494687,
        "idle": 18021109,
        "irq": 3093
      },
      {
        "model": "Intel(R) Core(TM) i3-3220 CPU @ 3.30GHz",
        "speed": 3293,
        "user": 6760187,
        "nice": 0,
        "sys": 468218,
        "idle": 16290296,
        "irq": 2593
      },
      {
        "model": "Intel(R) Core(TM) i3-3220 CPU @ 3.30GHz",
        "speed": 3293,
        "user": 11454765,
        "nice": 0,
        "sys": 375828,
        "idle": 11688109,
        "irq": 1890
      }
    ],
    "networkInterfaces": [
      {
        "name": "Wi-Fi",
        "internal": false,
        "mac": "00:17:7c:2e:27:f7",
        "address": "fd58:bad4:6d08:2c00:183f:d058:e304:dddd",
        "netmask": "ffff:ffff:ffff:ffff::",
        "family": "IPv6",
        "scopeid": 0
      },
      {
        "name": "Wi-Fi",
        "internal": false,
        "mac": "00:17:7c:2e:27:f7",
        "address": "fd58:bad4:6d08:2c00:dc13:5f39:f6fa:1c56",
        "netmask": "ffff:ffff:ffff:ffff:ffff:ffff:ffff:ffff",
        "family": "IPv6",
        "scopeid": 0
      },
      {
        "name": "Wi-Fi",
        "internal": false,
        "mac": "00:17:7c:2e:27:f7",
        "address": "fe80::183f:d058:e304:dddd",
        "netmask": "ffff:ffff:ffff:ffff::",
        "family": "IPv6",
        "scopeid": 6
      },
      {
        "name": "Wi-Fi",
        "internal": false,
        "mac": "00:17:7c:2e:27:f7",
        "address": "192.168.1.2",
        "netmask": "255.255.255.0",
        "family": "IPv4"
      },
      {
        "name": "Loopback Pseudo-Interface 1",
        "internal": true,
        "mac": "00:00:00:00:00:00",
        "address": "::1",
        "netmask": "ffff:ffff:ffff:ffff:ffff:ffff:ffff:ffff",
        "family": "IPv6",
        "scopeid": 0
      },
      {
        "name": "Loopback Pseudo-Interface 1",
        "internal": true,
        "mac": "00:00:00:00:00:00",
        "address": "127.0.0.1",
        "netmask": "255.0.0.0",
        "family": "IPv4"
      },
      {
        "name": "Teredo Tunneling Pseudo-Interface",
        "internal": false,
        "mac": "00:00:00:00:00:00",
        "address": "2001:0:348b:fb58:409:364d:854d:ec9a",
        "netmask": "ffff:ffff:ffff:ffff::",
        "family": "IPv6",
        "scopeid": 0
      },
      {
        "name": "Teredo Tunneling Pseudo-Interface",
        "internal": false,
        "mac": "00:00:00:00:00:00",
        "address": "fe80::409:364d:854d:ec9a",
        "netmask": "ffff:ffff:ffff:ffff::",
        "family": "IPv6",
        "scopeid": 5
      }
    ],
    "host": "DESKTOP-PUJDF9L"
  },
  "javascriptStack": {
    "message": "No stack.",
    "stack": [
      "Unavailable."
    ]
  },
  "nativeStack": [
    {
      "pc": "0x00007ff638351729",
      "symbol": "std::basic_ostream<char,std::char_traits<char> >::operator<<+10873"
    },
    {
      "pc": "0x00007ff638355b4c",
      "symbol": "std::basic_ostream<char,std::char_traits<char> >::operator<<+28316"
    },
    {
      "pc": "0x00007ff638354b08",
      "symbol": "std::basic_ostream<char,std::char_traits<char> >::operator<<+24152"
    },
    {
      "pc": "0x00007ff63844369b",
      "symbol": "v8::base::CPU::has_sse+37723"
    },
    {
      "pc": "0x00007ff638c482de",
      "symbol": "v8::Isolate::ReportExternalAllocationLimitReached+94"
    },
    {
      "pc": "0x00007ff638c30321",
      "symbol": "v8::SharedArrayBuffer::Externalize+833"
    },
    {
      "pc": "0x00007ff638afdbec",
      "symbol": "v8::internal::Heap::EphemeronKeyWriteBarrierFromCode+1436"
    },
    {
      "pc": "0x00007ff638b05cf1",
      "symbol": "v8::internal::Heap::PageFlagsAreConsistent+3761"
    },
    {
      "pc": "0x00007ff638afb353",
      "symbol": "v8::internal::Heap::CollectGarbage+1283"
    },
    {
      "pc": "0x00007ff638af9b24",
      "symbol": "v8::internal::Heap::AddRetainedMap+2356"
    },
    {
      "pc": "0x00007ff638b1adf5",
      "symbol": "v8::internal::Factory::NewFillerObject+53"
    },
    {
      "pc": "0x00007ff638886e19",
      "symbol": "v8::internal::interpreter::JumpTableTargetOffsets::iterator::operator=+4057"
    },
    {
      "pc": "0x00007ff63907404d",
      "symbol": "v8::internal::SetupIsolateDelegate::SetupHeap+567949"
    },
    {
      "pc": "0x00007ff6390d920e",
      "symbol": "v8::internal::SetupIsolateDelegate::SetupHeap+982094"
    },
    {
      "pc": "0x00007ff638ff3bdc",
      "symbol": "v8::internal::SetupIsolateDelegate::SetupHeap+42524"
    },
    {
      "pc": "0x00007ff638fecf8c",
      "symbol": "v8::internal::SetupIsolateDelegate::SetupHeap+14796"
    },
    {
      "pc": "0x00007ff639090b38",
      "symbol": "v8::internal::SetupIsolateDelegate::SetupHeap+685432"
    },
    {
      "pc": "0x00007ff638ff3bdc",
      "symbol": "v8::internal::SetupIsolateDelegate::SetupHeap+42524"
    },
    {
      "pc": "0x00007ff638ff3bdc",
      "symbol": "v8::internal::SetupIsolateDelegate::SetupHeap+42524"
    },
    {
      "pc": "0x00007ff638ff3bdc",
      "symbol": "v8::internal::SetupIsolateDelegate::SetupHeap+42524"
    },
    {
      "pc": "0x00007ff638fecf8c",
      "symbol": "v8::internal::SetupIsolateDelegate::SetupHeap+14796"
    },
    {
      "pc": "0x00007ff638ff3bdc",
      "symbol": "v8::internal::SetupIsolateDelegate::SetupHeap+42524"
    },
    {
      "pc": "0x00007ff638fecf8c",
      "symbol": "v8::internal::SetupIsolateDelegate::SetupHeap+14796"
    },
    {
      "pc": "0x00007ff638ff3bdc",
      "symbol": "v8::internal::SetupIsolateDelegate::SetupHeap+42524"
    },
    {
      "pc": "0x0000001d3454e6c6",
      "symbol": ""
    }
  ],
  "javascriptHeap": {
    "totalMemory": 421085184,
    "totalCommittedMemory": 421085184,
    "usedMemory": 313733616,
    "availableMemory": 1831743200,
    "memoryLimit": 2145386496,
    "heapSpaces": {
      "read_only_space": {
        "memorySize": 262144,
        "committedMemory": 262144,
        "capacity": 261872,
        "used": 32296,
        "available": 229576
      },
      "new_space": {
        "memorySize": 1048576,
        "committedMemory": 1048576,
        "capacity": 1047488,
        "used": 1047448,
        "available": 40
      },
      "old_space": {
        "memorySize": 293187584,
        "committedMemory": 293187584,
        "capacity": 292767320,
        "used": 196295704,
        "available": 96471616
      },
      "code_space": {
        "memorySize": 4620288,
        "committedMemory": 4620288,
        "capacity": 4384960,
        "used": 2555360,
        "available": 1829600
      },
      "map_space": {
        "memorySize": 11014144,
        "committedMemory": 11014144,
        "capacity": 11001328,
        "used": 3137760,
        "available": 7863568
      },
      "large_object_space": {
        "memorySize": 110329856,
        "committedMemory": 110329856,
        "capacity": 110114648,
        "used": 110114648,
        "available": 0
      },
      "code_large_object_space": {
        "memorySize": 622592,
        "committedMemory": 622592,
        "capacity": 550400,
        "used": 550400,
        "available": 0
      },
      "new_large_object_space": {
        "memorySize": 0,
        "committedMemory": 0,
        "capacity": 1047488,
        "used": 0,
        "available": 1047488
      }
    }
  },
  "resourceUsage": {
    "userCpuSeconds": 48.875,
    "kernelCpuSeconds": 6.562,
    "cpuConsumptionPercent": 1.38212,
    "maxRss": 692195328,
    "pageFaults": {
      "IORequired": 583108,
      "IONotRequired": 0
    },
    "fsActivity": {
      "reads": 7072,
      "writes": 9
    }
  },
  "libuv": [
  ],
  "environmentVariables": {
    "=C:": "C:\\",
    "=E:": "E:\\WS\\ERP-Frontend2",
    "ALLUSERSPROFILE": "C:\\ProgramData",
    "APPDATA": "C:\\Users\\user\\AppData\\Roaming",
    "CommonProgramFiles": "C:\\Program Files\\Common Files",
    "CommonProgramFiles(x86)": "C:\\Program Files (x86)\\Common Files",
    "CommonProgramW6432": "C:\\Program Files\\Common Files",
    "COMPUTERNAME": "DESKTOP-PUJDF9L",
    "ComSpec": "C:\\Windows\\system32\\cmd.exe",
    "GOOGLE_DEFAULT_CLIENT_ID": "no",
    "GOOGLE_DEFAULT_CLIENT_SECRET": "no",
    "HOMEDRIVE": "C:",
    "HOMEPATH": "\\Users\\user",
    "LOCALAPPDATA": "C:\\Users\\user\\AppData\\Local",
    "LOGONSERVER": "\\\\DESKTOP-PUJDF9L",
    "NUMBER_OF_PROCESSORS": "4",
    "OneDrive": "C:\\Users\\user\\OneDrive",
    "OS": "Windows_NT",
    "Path": "C:\\Users\\user\\AppData\\Roaming\\npm;C:\\Windows\\system32;C:\\Windows;C:\\Windows\\System32\\Wbem;C:\\Windows\\System32\\WindowsPowerShell\\v1.0\\; %AppData%\\npm;C:\\Program Files\\nodejs\\ ;C:\\Program Files\\Git\\cmd;C:\\Program Files\\nodejs;C:\\Program Files\\nodejs\\;C:\\Users\\user\\AppData\\Local\\GitHubDesktop\\bin;C:\\Program Files\\nodejs;C:\\Users\\user\\AppData\\Local\\Programs\\Microsoft VS Code\\bin;C:\\Users\\user\\AppData\\Roaming\\npm;C:\\Program Files\\nodejs\\;",
    "PATHEXT": ".COM;.EXE;.BAT;.CMD;.VBS;.VBE;.JSE;.WSF;.WSH;.MSC;.CPL",
    "PROCESSOR_ARCHITECTURE": "AMD64",
    "PROCESSOR_IDENTIFIER": "Intel64 Family 6 Model 58 Stepping 9, GenuineIntel",
    "PROCESSOR_LEVEL": "6",
    "PROCESSOR_REVISION": "3a09",
    "ProgramData": "C:\\ProgramData",
    "ProgramFiles": "C:\\Program Files",
    "ProgramFiles(x86)": "C:\\Program Files (x86)",
    "ProgramW6432": "C:\\Program Files",
    "PROMPT": "$P$G",
    "PSModulePath": "C:\\Users\\user\\Documents\\WindowsPowerShell\\Modules;C:\\Program Files\\WindowsPowerShell\\Modules;C:\\Windows\\system32\\WindowsPowerShell\\v1.0\\Modules\\",
    "PUBLIC": "C:\\Users\\Public",
    "SESSIONNAME": "Console",
    "SystemDrive": "C:",
    "SystemRoot": "C:\\Windows",
    "TEMP": "C:\\Users\\user\\AppData\\Local\\Temp",
    "TMP": "C:\\Users\\user\\AppData\\Local\\Temp",
    "USERDOMAIN": "DESKTOP-PUJDF9L",
    "USERDOMAIN_ROAMINGPROFILE": "DESKTOP-PUJDF9L",
    "USERNAME": "user",
    "USERPROFILE": "C:\\Users\\user",
    "WEBPACK_DEV_SERVER": "true",
    "windir": "C:\\Windows",
    "TERM_PROGRAM": "vscode",
    "TERM_PROGRAM_VERSION": "1.41.1",
    "LANG": "en_US.UTF-8",
    "COLORTERM": "truecolor"
  },
  "sharedObjects": [
    "C:\\Program Files\\nodejs\\node.exe",
    "C:\\Windows\\SYSTEM32\\ntdll.dll",
    "C:\\Windows\\system32\\KERNEL32.DLL",
    "C:\\Windows\\system32\\KERNELBASE.dll",
    "C:\\Windows\\system32\\WS2_32.dll",
    "C:\\Windows\\system32\\sechost.dll",
    "C:\\Windows\\system32\\RPCRT4.dll",
    "C:\\Windows\\system32\\NSI.dll",
    "C:\\Windows\\system32\\ADVAPI32.dll",
    "C:\\Windows\\SYSTEM32\\dbghelp.dll",
    "C:\\Windows\\system32\\msvcrt.dll",
    "C:\\Windows\\system32\\USER32.dll",
    "C:\\Windows\\system32\\GDI32.dll",
    "C:\\Windows\\system32\\PSAPI.DLL",
    "C:\\Windows\\system32\\CRYPT32.dll",
    "C:\\Windows\\system32\\MSASN1.dll",
    "C:\\Windows\\SYSTEM32\\IPHLPAPI.DLL",
    "C:\\Windows\\SYSTEM32\\USERENV.dll",
    "C:\\Windows\\system32\\profapi.dll",
    "C:\\Windows\\SYSTEM32\\bcrypt.dll",
    "C:\\Windows\\SYSTEM32\\WINMM.dll",
    "C:\\Windows\\SYSTEM32\\WINNSI.DLL",
    "C:\\Windows\\SYSTEM32\\WINMMBASE.dll",
    "C:\\Windows\\system32\\cfgmgr32.dll",
    "C:\\Windows\\SYSTEM32\\DEVOBJ.dll",
    "C:\\Windows\\system32\\IMM32.DLL",
    "C:\\Windows\\system32\\MSCTF.dll",
    "C:\\Windows\\system32\\powrprof.dll",
    "C:\\Windows\\SYSTEM32\\CRYPTBASE.DLL",
    "C:\\Windows\\SYSTEM32\\bcryptPrimitives.dll",
    "C:\\Windows\\system32\\uxtheme.dll",
    "C:\\Windows\\system32\\combase.dll",
    "C:\\Windows\\system32\\mswsock.dll",
    "C:\\Windows\\system32\\kernel.appcore.dll",
    "C:\\Windows\\SYSTEM32\\dhcpcsvc6.DLL",
    "C:\\Windows\\SYSTEM32\\dhcpcsvc.DLL",
    "C:\\Windows\\SYSTEM32\\DNSAPI.dll",
    "C:\\Windows\\System32\\rasadhlp.dll",
    "C:\\Windows\\System32\\fwpuclnt.dll",
    "C:\\Windows\\system32\\napinsp.dll",
    "C:\\Windows\\system32\\pnrpnsp.dll",
    "C:\\Windows\\system32\\NLAapi.dll",
    "C:\\Windows\\System32\\winrnr.dll"
  ]
}